no,price
11769,4225
11770,1927
11771,1217
11772,1306
11773,2513
11774,645
11775,2021
11776,1738
11777,1066
11778,233
11779,490
11780,1631
11781,1717
11782,1408
11783,1351
11784,2068
11785,1718
11786,1089
11787,1252
11788,1812
11789,2361
11790,1761
11791,2207
11792,1426
11793,-270
11794,2057
11795,2460
11796,2563
11797,4212
11798,2652
11799,1410
11800,599
11801,607
11802,1463
11803,3789
11804,1217
11805,1678
11806,1945
11807,1546
11808,1178
11809,2379
11810,2335
11811,2903
11812,4255
11813,2619
11814,593
11815,906
11816,2541
11817,2938
11818,321
11819,1198
11820,1122
11821,671
11822,2031
11823,2263
11824,1048
11825,1636
11826,1104
11827,757
11828,965
11829,1769
11830,2073
11831,3323
11832,1929
11833,1390
11834,2043
11835,1678
11836,1113
11837,3587
11838,1954
11839,4385
11840,1305
11841,409
11842,388
11843,549
11844,953
11845,2058
11846,1989
11847,1840
11848,2126
11849,284
11850,1932
11851,2337
11852,1881
11853,1952
11854,850
11855,2082
11856,2272
11857,409
11858,1355
11859,2111
11860,350
11861,1426
11862,3330
11863,2044
11864,831
11865,655
11866,727
11867,2875
11868,1668
11869,1726
11870,1539
11871,2865
11872,4777
11873,2030
11874,1549
11875,951
11876,917
11877,929
11878,873
11879,1663
11880,-814
11881,1141
11882,1063
11883,1285
11884,2452
11885,870
11886,555
11887,1195
11888,3294
11889,1255
11890,1199
11891,2249
11892,621
11893,1127
11894,827
11895,870
11896,1257
11897,1777
11898,1331
11899,554
11900,2499
11901,312
11902,284
11903,1230
11904,616
11905,3304
11906,735
11907,735
11908,1816
11909,1093
11910,1198
11911,6
11912,1430
11913,2315
11914,1799
11915,1627
11916,326
11917,1001
11918,398
11919,1694
11920,786
11921,1080
11922,459
11923,1082
11924,2969
11925,2138
11926,645
11927,2367
11928,861
11929,422
11930,2619
11931,1268
11932,2125
11933,417
11934,1578
11935,2770
11936,3295
11937,3819
11938,596
11939,224
11940,4214
11941,1843
11942,975
11943,976
11944,175
11945,2830
11946,1179
11947,567
11948,1007
11949,597
11950,1722
11951,58
11952,2372
11953,1954
11954,3132
11955,1654
11956,520
11957,1802
11958,620
11959,2415
11960,618
11961,368
11962,1998
11963,2442
11964,1045
11965,2445
11966,284
11967,3841
11968,878
11969,1744
11970,1035
11971,410
11972,1320
11973,439
11974,1904
11975,4815
11976,860
11977,979
11978,1686
11979,4815
11980,2537
11981,1143
11982,1191
11983,2124
11984,1455
11985,2031
11986,837
11987,376
11988,1600
11989,2263
11990,949
11991,1726
11992,735
11993,1027
11994,1411
11995,2453
11996,2239
11997,3563
11998,1189
11999,2429
12000,1127
12001,1356
12002,671
12003,2185
12004,1028
12005,2474
12006,1484
12007,2309
12008,2111
12009,1530
12010,2883
12011,1370
12012,2084
12013,-171
12014,3511
12015,1693
12016,533
12017,1058
12018,642
12019,1388
12020,2710
12021,1361
12022,1657
12023,1305
12024,1329
12025,-6
12026,787
12027,938
12028,1394
12029,807
12030,473
12031,1350
12032,208
12033,3917
12034,276
12035,748
12036,1505
12037,1434
12038,659
12039,721
12040,42
12041,329
12042,1806
12043,671
12044,1090
12045,1047
12046,491
12047,2067
12048,1103
12049,2263
12050,623
12051,850
12052,817
12053,1154
12054,190
12055,1908
12056,334
12057,759
12058,575
12059,984
12060,2125
12061,3332
12062,2316
12063,496
12064,4282
12065,963
12066,2461
12067,694
12068,2359
12069,3044
12070,3099
12071,1654
12072,441
12073,870
12074,2339
12075,2336
12076,436
12077,1040
12078,569
12079,826
12080,1179
12081,2869
12082,445
12083,1841
12084,1934
12085,633
12086,786
12087,3601
12088,2614
12089,1001
12090,1198
12091,1040
12092,698
12093,2262
12094,300
12095,998
12096,1502
12097,650
12098,2030
12099,354
12100,1920
12101,2438
12102,707
12103,2438
12104,1930
12105,1333
12106,1412
12107,3609
12108,1813
12109,827
12110,1496
12111,2465
12112,989
12113,2028
12114,570
12115,523
12116,87
12117,1079
12118,2234
12119,756
12120,2373
12121,4063
12122,1104
12123,975
12124,1850
12125,746
12126,1201
12127,3601
12128,1236
12129,1131
12130,806
12131,1754
12132,1229
12133,1159
12134,4587
12135,1131
12136,471
12137,263
12138,592
12139,2914
12140,886
12141,949
12142,1274
12143,2816
12144,1350
12145,4252
12146,1350
12147,2862
12148,2430
12149,645
12150,1198
12151,2193
12152,3840
12153,1436
12154,1046
12155,1813
12156,3058
12157,1044
12158,3769
12159,1543
12160,1179
12161,1406
12162,561
12163,572
12164,1816
12165,1409
12166,1030
12167,713
12168,5553
12169,1688
12170,2303
12171,3059
12172,1073
12173,656
12174,2437
12175,1825
12176,3174
12177,870
12178,227
12179,1093
12180,3005
12181,1330
12182,929
12183,1945
12184,327
12185,2528
12186,1137
12187,663
12188,941
12189,711
12190,1545
12191,3173
12192,3118
12193,399
12194,442
12195,1636
12196,619
12197,3409
12198,1065
12199,3294
12200,2134
12201,243
12202,3279
12203,1284
12204,1223
12205,384
12206,1939
12207,502
12208,2883
12209,3533
12210,443
12211,812
12212,197
12213,3350
12214,1611
12215,2031
12216,1559
12217,3052
12218,1612
12219,1902
12220,1179
12221,1268
12222,2276
12223,1419
12224,1788
12225,1089
12226,2196
12227,1636
12228,1665
12229,764
12230,360
12231,2576
12232,593
12233,1044
12234,1589
12235,1437
12236,711
12237,350
12238,2424
12239,1420
12240,1318
12241,604
12242,305
12243,683
12244,1687
12245,951
12246,1192
12247,1388
12248,1511
12249,2084
12250,1722
12251,1254
12252,1764
12253,2154
12254,849
12255,250
12256,2225
12257,2483
12258,1776
12259,683
12260,767
12261,2461
12262,1698
12263,1255
12264,1615
12265,747
12266,3705
12267,1084
12268,315
12269,269
12270,3116
12271,303
12272,451
12273,838
12274,702
12275,1351
12276,239
12277,1274
12278,1486
12279,698
12280,2845
12281,697
12282,1438
12283,806
12284,1255
12285,2313
12286,1968
12287,1875
12288,485
12289,1438
12290,2329
12291,3917
12292,425
12293,280
12294,2240
12295,1134
12296,12
12297,2435
12298,860
12299,1325
12300,333
12301,2274
12302,2619
12303,1550
12304,2846
12305,2415
12306,3563
12307,2263
12308,1254
12309,1674
12310,625
12311,453
12312,2704
12313,2453
12314,609
12315,783
12316,2690
12317,755
12318,840
12319,944
12320,2006
12321,1267
12322,808
12323,2575
12324,1701
12325,371
12326,180
12327,748
12328,-44
12329,3336
12330,1501
12331,1293
12332,963
12333,2030
12334,1120
12335,1945
12336,3864
12337,708
12338,125
12339,817
12340,1259
12341,1731
12342,1398
12343,1517
12344,1487
12345,266
12346,1426
12347,673
12348,2870
12349,2206
12350,2771
12351,1611
12352,1596
12353,-20
12354,1679
12355,629
12356,391
12357,1297
12358,1155
12359,310
12360,1122
12361,1650
12362,920
12363,137
12364,1274
12365,440
12366,957
12367,1538
12368,1370
12369,2317
12370,2162
12371,343
12372,2576
12373,2411
12374,2212
12375,3310
12376,591
12377,1698
12378,1609
12379,2035
12380,2414
12381,799
12382,1305
12383,961
12384,995
12385,882
12386,1115
12387,484
12388,1001
12389,2375
12390,2314
12391,2712
12392,-7
12393,698
12394,583
12395,966
12396,3044
12397,1680
12398,89
12399,464
12400,721
12401,1011
12402,1684
12403,105
12404,1135
12405,556
12406,1668
12407,3372
12408,835
12409,1311
12410,2018
12411,586
12412,110
12413,1774
12414,1642
12415,1818
12416,1027
12417,1717
12418,485
12419,1716
12420,2652
12421,388
12422,1843
12423,2960
12424,2116
12425,4440
12426,31
12427,1305
12428,1312
12429,2702
12430,1896
12431,1176
12432,115
12433,885
12434,884
12435,1154
12436,1894
12437,903
12438,2986
12439,963
12440,2588
12441,610
12442,1613
12443,1575
12444,2736
12445,276
12446,529
12447,1992
12448,533
12449,687
12450,341
12451,1756
12452,3270
12453,1089
12454,1510
12455,1259
12456,3866
12457,480
12458,2189
12459,4101
12460,866
12461,975
12462,1132
12463,810
12464,1581
12465,2410
12466,1258
12467,919
12468,2457
12469,584
12470,622
12471,1832
12472,873
12473,377
12474,2293
12475,2195
12476,2251
12477,1864
12478,1272
12479,1487
12480,1132
12481,307
12482,1551
12483,1877
12484,3571
12485,3962
12486,957
12487,3827
12488,3280
12489,1731
12490,2259
12491,2732
12492,770
12493,1940
12494,1065
12495,3447
12496,2547
12497,827
12498,1288
12499,1799
12500,1579
12501,659
12502,920
12503,1777
12504,2298
12505,1442
12506,721
12507,4205
12508,770
12509,2061
12510,975
12511,391
12512,1217
12513,937
12514,-40
12515,1899
12516,1587
12517,1922
12518,3603
12519,897
12520,1103
12521,2328
12522,1834
12523,1168
12524,991
12525,843
12526,734
12527,785
12528,395
12529,1792
12530,1025
12531,542
12532,1130
12533,1908
12534,1244
12535,745
12536,1137
12537,2375
12538,1888
12539,748
12540,2892
12541,2103
12542,957
12543,2377
12544,3259
12545,580
12546,943
12547,504
12548,2291
12549,3409
12550,4692
12551,2784
12552,51
12553,1595
12554,1165
12555,2048
12556,1388
12557,1040
12558,954
12559,3044
12560,1406
12561,1326
12562,482
12563,1084
12564,2309
12565,255
12566,1473
12567,2475
12568,1236
12569,1313
12570,681
12571,2566
12572,453
12573,742
12574,1840
12575,561
12576,2400
12577,3487
12578,2997
12579,767
12580,1881
12581,43
12582,2096
12583,2825
12584,428
12585,708
12586,1178
12587,1244
12588,1515
12589,162
12590,2344
12591,746
12592,1820
12593,2537
12594,631
12595,1284
12596,2861
12597,1387
12598,1814
12599,1079
12600,1916
12601,748
12602,1653
12603,855
12604,4777
12605,891
12606,1379
12607,2301
12608,1448
12609,685
12610,895
12611,635
12612,1080
12613,626
12614,1508
12615,1002
12616,162
12617,1951
12618,1500
12619,1421
12620,3189
12621,1065
12622,442
12623,490
12624,2613
12625,2385
12626,1017
12627,2300
12628,586
12629,3583
12630,2702
12631,1915
12632,1255
12633,3044
12634,1233
12635,699
12636,534
12637,1586
12638,797
12639,884
12640,1693
12641,609
12642,698
12643,1054
12644,2026
12645,1198
12646,2145
12647,1217
12648,1446
12649,406
12650,1331
12651,1236
12652,662
12653,1128
12654,2998
12655,1945
12656,1312
12657,262
12658,1171
12659,2559
12660,1383
12661,1195
12662,974
12663,1257
12664,1845
12665,786
12666,1153
12667,1558
12668,339
12669,795
12670,1656
12671,746
12672,685
12673,1171
12674,609
12675,1611
12676,262
12677,1992
12678,1306
12679,3401
12680,428
12681,1358
12682,1312
12683,2513
12684,1318
12685,378
12686,378
12687,2750
12688,1501
12689,1398
12690,1826
12691,1305
12692,1174
12693,1273
12694,1312
12695,1069
12696,1832
12697,925
12698,1028
12699,2468
12700,1943
12701,4002
12702,1957
12703,1145
12704,-90
12705,2423
12706,873
12707,1637
12708,1092
12709,2609
12710,1388
12711,987
12712,430
12713,1285
12714,1826
12715,593
12716,1223
12717,1017
12718,452
12719,1854
12720,2059
12721,812
12722,323
12723,989
12724,1420
12725,1508
12726,2043
12727,229
12728,1294
12729,1121
12730,1958
12731,963
12732,1028
12733,2071
12734,886
12735,3265
12736,1001
12737,4252
12738,660
12739,1768
12740,2338
12741,688
12742,457
12743,670
12744,1852
12745,1716
12746,995
12747,973
12748,2609
12749,1754
12750,1318
12751,1256
12752,4302
12753,1196
12754,1431
12755,916
12756,629
12757,1718
12758,303
12759,1386
12760,2718
12761,1274
12762,1888
12763,1085
12764,695
12765,1040
12766,1127
12767,1921
12768,662
12769,410
12770,660
12771,1589
12772,2043
12773,1072
12774,2202
12775,1524
12776,827
12777,451
12778,-27
12779,1608
12780,3263
12781,2518
12782,542
12783,1639
12784,2415
12785,320
12786,2462
12787,1497
12788,2613
12789,175
12790,1231
12791,1869
12792,850
12793,1861
12794,1964
12795,2002
12796,1188
12797,544
12798,803
12799,695
12800,1652
12801,951
12802,338
12803,1495
12804,790
12805,2106
12806,2491
12807,748
12808,2125
12809,1223
12810,2285
12811,1255
12812,1362
12813,794
12814,471
12815,1147
12816,2050
12817,2005
12818,1043
12819,3993
12820,-271
12821,2009
12822,432
12823,1349
12824,1519
12825,838
12826,1991
12827,251
12828,1874
12829,3296
12830,3303
12831,695
12832,2956
12833,2187
12834,2069
12835,1142
12836,1635
12837,620
12838,2322
12839,3827
12840,1613
12841,964
12842,1343
12843,384
12844,-232
12845,381
12846,3933
12847,3384
12848,1255
12849,1153
12850,1802
12851,-14
12852,2467
12853,2766
12854,3064
12855,1067
12856,277
12857,2291
12858,1806
12859,1064
12860,1995
12861,1444
12862,1954
12863,2883
12864,566
12865,648
12866,2453
12867,1488
12868,812
12869,638
12870,812
12871,975
12872,2717
12873,819
12874,976
12875,484
12876,860
12877,898
12878,1730
12879,1024
12880,1625
12881,1419
12882,474
12883,163
12884,1783
12885,936
12886,521
12887,868
12888,2239
12889,1362
12890,2043
12891,1955
12892,843
12893,1904
12894,3526
12895,734
12896,428
12897,523
12898,2271
12899,857
12900,1044
12901,1432
12902,2086
12903,1197
12904,1385
12905,1511
12906,1350
12907,1498
12908,1841
12909,1052
12910,1033
12911,468
12912,289
12913,1242
12914,628
12915,1231
12916,391
12917,3055
12918,1442
12919,1754
12920,2301
12921,711
12922,944
12923,2099
12924,2200
12925,1356
12926,2415
12927,610
12928,3252
12929,813
12930,1921
12931,1134
12932,191
12933,256
12934,547
12935,-140
12936,963
12937,1730
12938,1430
12939,1723
12940,658
12941,2619
12942,663
12943,339
12944,1017
12945,3078
12946,2068
12947,481
12948,1049
12949,5178
12950,3587
12951,509
12952,1640
12953,2225
12954,1027
12955,1271
12956,504
12957,2375
12958,1394
12959,31
12960,1314
12961,669
12962,186
12963,226
12964,1718
12965,24
12966,906
12967,1678
12968,1284
12969,187
12970,411
12971,576
12972,433
12973,599
12974,78
12975,496
12976,3743
12977,2175
12978,1564
12979,923
12980,1332
12981,2419
12982,1654
12983,1382
12984,1021
12985,1876
12986,1716
12987,1460
12988,2377
12989,1513
12990,645
12991,3639
12992,1870
12993,691
12994,1432
12995,633
12996,1269
12997,1398
12998,1141
12999,1484
13000,809
13001,3819
13002,881
13003,2368
13004,3120
13005,2339
13006,1769
13007,1141
13008,3764
13009,269
13010,889
13011,3014
13012,643
13013,1023
13014,1338
13015,1127
13016,2258
13017,1794
13018,2263
13019,686
13020,1446
13021,3348
13022,401
13023,1165
13024,1217
13025,774
13026,1985
13027,2263
13028,1488
13029,2360
13030,3121
13031,911
13032,1767
13033,798
13034,846
13035,840
13036,2415
13037,66
13038,1325
13039,95
13040,1350
13041,2214
13042,2961
13043,1426
13044,1127
13045,1344
13046,2158
13047,643
13048,2202
13049,1898
13050,1033
13051,1524
13052,79
13053,3611
13054,1642
13055,2202
13056,1001
13057,876
13058,3590
13059,1750
13060,1803
13061,185
13062,787
13063,1497
13064,3394
13065,1893
13066,584
13067,1331
13068,837
13069,7
13070,1653
13071,2728
13072,1198
13073,2390
13074,1748
13075,1209
13076,1071
13077,1350
13078,-2
13079,1741
13080,1158
13081,2134
13082,2185
13083,1917
13084,1718
13085,1293
13086,441
13087,653
13088,1916
13089,1954
13090,624
13091,3042
13092,647
13093,542
13094,1311
13095,477
13096,749
13097,1611
13098,767
13099,1723
13100,1338
13101,1247
13102,1388
13103,724
13104,589
13105,566
13106,1807
13107,210
13108,2518
13109,3495
13110,2895
13111,1466
13112,662
13113,265
13114,1096
13115,1803
13116,489
13117,96
13118,1672
13119,1221
13120,873
13121,2415
13122,2968
13123,69
13124,1283
13125,996
13126,984
13127,2259
13128,940
13129,303
13130,1921
13131,1840
13132,-162
13133,1563
13134,685
13135,2291
13136,3917
13137,1121
13138,1088
13139,3459
13140,573
13141,711
13142,1079
13143,958
13144,2356
13145,-41
13146,2144
13147,523
13148,1255
13149,1180
13150,107
13151,1330
13152,2296
13153,906
13154,1016
13155,2238
13156,1233
13157,2065
13158,811
13159,2614
13160,783
13161,1729
13162,1420
13163,3533
13164,2581
13165,595
13166,1793
13167,771
13168,774
13169,963
13170,545
13171,1079
13172,209
13173,205
13174,1108
13175,2187
13176,1093
13177,1426
13178,1062
13179,2019
13180,695
13181,2977
13182,2099
13183,1312
13184,3789
13185,1331
13186,772
13187,-222
13188,1578
13189,3028
13190,756
13191,873
13192,2969
13193,2008
13194,1286
13195,2263
13196,2694
13197,1754
13198,172
13199,1070
13200,1916
13201,353
13202,1088
13203,1141
13204,1836
13205,3563
13206,998
13207,802
13208,360
13209,316
13210,661
13211,1408
13212,946
13213,1968
13214,692
13215,970
13216,775
13217,578
13218,903
13219,1437
13220,1236
13221,2575
13222,580
13223,3324
13224,1141
13225,1257
13226,1284
13227,2732
13228,751
13229,1933
13230,1998
13231,1141
13232,1293
13233,1235
13234,1535
13235,1179
13236,2404
13237,2945
13238,1174
13239,-208
13240,1203
13241,1728
13242,992
13243,1158
13244,1049
13245,700
13246,1611
13247,2461
13248,1830
13249,516
13250,403
13251,468
13252,3926
13253,2258
13254,96
13255,1320
13256,907
13257,155
13258,3294
13259,792
13260,516
13261,4298
13262,936
13263,1807
13264,990
13265,1712
13266,523
13267,3083
13268,4822
13269,2832
13270,992
13271,2749
13272,466
13273,1234
13274,466
13275,303
13276,3090
13277,769
13278,4168
13279,1622
13280,2294
13281,2164
13282,2196
13283,791
13284,958
13285,1007
13286,400
13287,612
13288,3403
13289,1818
13290,816
13291,3083
13292,2050
13293,1756
13294,849
13295,1321
13296,1735
13297,1805
13298,1381
13299,1332
13300,830
13301,-308
13302,1353
13303,1564
13304,670
13305,889
13306,1616
13307,1470
13308,1381
13309,289
13310,250
13311,2392
13312,1813
13313,491
13314,546
13315,749
13316,1665
13317,466
13318,774
13319,1930
13320,1211
13321,2203
13322,1097
13323,3218
13324,340
13325,1097
13326,1617
13327,1469
13328,1445
13329,4707
13330,3035
13331,391
13332,479
13333,3924
13334,1437
13335,2096
13336,1078
13337,1607
13338,878
13339,1663
13340,523
13341,1428
13342,1313
13343,1109
13344,3495
13345,605
13346,881
13347,3297
13348,1183
13349,1241
13350,-61
13351,1078
13352,1906
13353,1356
13354,1598
13355,2251
13356,1743
13357,2390
13358,1275
13359,4654
13360,3571
13361,3356
13362,3066
13363,1181
13364,1507
13365,909
13366,1192
13367,2006
13368,1200
13369,1169
13370,649
13371,4324
13372,685
13373,1740
13374,990
13375,3381
13376,888
13377,2936
13378,570
13379,580
13380,1332
13381,2239
13382,1095
13383,760
13384,305
13385,851
13386,1001
13387,3260
13388,1177
13389,1236
13390,1334
13391,584
13392,456
13393,1655
13394,750
13395,1632
13396,1432
13397,873
13398,1169
13399,2263
13400,2833
13401,1236
13402,3136
13403,1345
13404,1210
13405,999
13406,1519
13407,1731
13408,2301
13409,350
13410,987
13411,2149
13412,2049
13413,898
13414,3052
13415,2044
13416,2132
13417,1393
13418,3355
13419,2103
13420,2613
13421,1382
13422,835
13423,-309
13424,909
13425,2399
13426,1130
13427,313
13428,1984
13429,540
13430,2480
13431,830
13432,1335
13433,1939
13434,2352
13435,2261
13436,433
13437,1065
13438,2566
13439,1742
13440,582
13441,2187
13442,42
13443,2423
13444,276
13445,2087
13446,241
13447,1316
13448,686
13449,1294
13450,756
13451,1580
13452,3334
13453,3286
13454,2040
13455,1864
13456,1543
13457,1594
13458,594
13459,1472
13460,925
13461,2262
13462,2543
13463,2788
13464,2069
13465,2453
13466,354
13467,1372
13468,1271
13469,2863
13470,2637
13471,2099
13472,1631
13473,542
13474,482
13475,542
13476,1034
13477,494
13478,1142
13479,1268
13480,2331
13481,2622
13482,3110
13483,647
13484,876
13485,158
13486,1467
13487,549
13488,2261
13489,149
13490,2067
13491,1013
13492,1103
13493,1830
13494,519
13495,2968
13496,1816
13497,847
13498,1185
13499,2320
13500,2329
13501,1756
13502,849
13503,794
13504,540
13505,1830
13506,591
13507,3218
13508,808
13509,1039
13510,2149
13511,1427
13512,1475
13513,764
13514,1219
13515,4085
13516,3827
13517,745
13518,682
13519,1997
13520,380
13521,455
13522,1555
13523,999
13524,609
13525,1803
13526,1180
13527,3280
13528,1192
13529,489
13530,2137
13531,2225
13532,1691
13533,1267
13534,537
13535,2223
13536,819
13537,2254
13538,559
13539,1082
13540,861
13541,2329
13542,1236
13543,578
13544,428
13545,2069
13546,82
13547,984
13548,1802
13549,1121
13550,940
13551,771
13552,1082
13553,2272
13554,544
13555,3000
13556,2556
13557,1625
13558,3154
13559,885
13560,1539
13561,1401
13562,1299
13563,1534
13564,567
13565,1953
13566,1350
13567,635
13568,3878
13569,881
13570,1426
13571,788
13572,1394
13573,883
13574,1196
13575,1446
13576,1769
13577,2063
13578,1121
13579,1432
13580,1407
13581,3963
13582,3249
13583,1055
13584,314
13585,1816
13586,1185
13587,3163
13588,3979
13589,1956
13590,2049
13591,663
13592,1922
13593,772
13594,1065
13595,1374
13596,277
13597,1204
13598,815
13599,1700
13600,1657
13601,403
13602,535
13603,750
13604,454
13605,1870
13606,1280
13607,1792
13608,2913
13609,561
13610,341
13611,2470
13612,2057
13613,1522
13614,1020
13615,4244
13616,333
13617,2864
13618,2307
13619,-6
13620,1077
13621,1801
13622,2491
13623,1448
13624,1155
13625,1785
13626,2027
13627,1420
13628,848
13629,520
13630,1813
13631,1158
13632,1780
13633,890
13634,2006
13635,2234
13636,760
13637,1794
13638,1707
13639,1007
13640,848
13641,941
13642,2564
13643,1103
13644,1781
13645,886
13646,261
13647,4190
13648,3793
13649,732
13650,125
13651,1223
13652,736
13653,1116
13654,1836
13655,1027
13656,1255
13657,1448
13658,1217
13659,1673
13660,1754
13661,830
13662,201
13663,1864
13664,409
13665,1116
13666,1959
13667,667
13668,1026
13669,968
13670,1244
13671,2838
13672,5148
13673,976
13674,2690
13675,934
13676,286
13677,955
13678,974
13679,1864
13680,919
13681,252
13682,1339
13683,560
13684,2265
13685,2612
13686,838
13687,930
13688,109
13689,1388
13690,-193
13691,1853
13692,1959
13693,805
13694,876
13695,2198
13696,1356
13697,1990
13698,485
13699,1906
13700,2028
13701,1018
13702,2576
13703,1017
13704,1001
13705,379
13706,775
13707,2127
13708,1929
13709,1165
13710,3297
13711,1406
13712,1511
13713,2046
13714,2928
13715,248
13716,1427
13717,993
13718,1607
13719,379
13720,657
13721,2107
13722,1000
13723,772
13724,2221
13725,861
13726,2223
13727,549
13728,278
13729,1077
13730,2430
13731,1642
13732,1416
13733,2011
13734,1879
13735,1722
13736,1244
13737,1147
13738,1079
13739,764
13740,1906
13741,1633
13742,-198
13743,1359
13744,440
13745,3311
13746,1456
13747,669
13748,481
13749,465
13750,2275
13751,1139
13752,859
13753,1427
13754,1236
13755,1293
13756,1273
13757,2587
13758,583
13759,3563
13760,1235
13761,490
13762,1678
13763,-309
13764,347
13765,1311
13766,501
13767,2415
13768,1210
13769,1729
13770,1254
13771,-27
13772,2221
13773,678
13774,1878
13775,1500
13776,3563
13777,2375
13778,2499
13779,4593
13780,49
13781,1883
13782,-341
13783,2069
13784,2369
13785,3227
13786,1394
13787,2761
13788,774
13789,2375
13790,843
13791,1172
13792,2437
13793,810
13794,852
13795,2911
13796,1910
13797,1218
13798,2353
13799,2802
13800,3302
13801,954
13802,3781
13803,2360
13804,1572
13805,713
13806,1029
13807,954
13808,3294
13809,1049
13810,1295
13811,2759
13812,2284
13813,388
13814,1845
13815,4327
13816,1360
13817,874
13818,3409
13819,650
13820,284
13821,2584
13822,2518
13823,1726
13824,2111
13825,643
13826,609
13827,3200
13828,1051
13829,571
13830,942
13831,1121
13832,2086
13833,242
13834,2349
13835,1443
13836,3044
13837,1058
13838,1028
13839,1722
13840,1541
13841,863
13842,1637
13843,2301
13844,887
13845,1468
13846,922
13847,737
13848,1191
13849,1312
13850,1747
13851,895
13852,1166
13853,1993
13854,585
13855,1343
13856,932
13857,2196
13858,2997
13859,1765
13860,1278
13861,1192
13862,7
13863,532
13864,1640
13865,908
13866,1114
13867,1001
13868,691
13869,724
13870,1236
13871,1733
13872,898
13873,399
13874,771
13875,1435
13876,1174
13877,1955
13878,2490
13879,417
13880,1888
13881,4844
13882,887
13883,1503
13884,936
13885,1485
13886,1297
13887,954
13888,898
13889,2048
13890,1596
13891,1440
13892,2247
13893,3228
13894,530
13895,1902
13896,3851
13897,987
13898,163
13899,1293
13900,-235
13901,1749
13902,1141
13903,1883
13904,2202
13905,1763
13906,685
13907,-224
13908,1446
13909,605
13910,1198
13911,176
13912,1479
13913,2384
13914,1754
13915,900
13916,986
13917,609
13918,1109
13919,1539
13920,2496
13921,2461
13922,2004
13923,2075
13924,691
13925,339
13926,2537
13927,113
13928,774
13929,556
13930,1894
13931,1217
13932,521
13933,2164
13934,592
13935,2462
13936,1106
13937,3304
13938,3289
13939,2035
13940,3402
13941,3403
13942,1387
13943,3453
13944,247
13945,-309
13946,328
13947,1399
13948,256
13949,1633
13950,2870
13951,1180
13952,1072
13953,356
13954,4806
13955,332
13956,2011
13957,1034
13958,2594
13959,474
13960,1814
13961,4787
13962,775
13963,574
13964,338
13965,504
13966,1510
13967,875
13968,1645
13969,1584
13970,951
13971,2272
13972,588
13973,1816
13974,4852
13975,1269
13976,3881
13977,1626
13978,795
13979,2870
13980,391
13981,1693
13982,331
13983,273
13984,4692
13985,2377
13986,2291
13987,1878
13988,889
13989,293
13990,1687
13991,713
13992,881
13993,1680
13994,798
13995,2399
13996,1350
13997,1883
13998,1660
13999,757
14000,2575
14001,620
14002,3218
14003,1573
14004,2485
14005,661
14006,1122
14007,2223
14008,2871
14009,1350
14010,379
14011,1075
14012,2289
14013,1116
14014,932
14015,721
14016,1104
14017,706
14018,797
14019,1929
14020,440
14021,899
14022,3367
14023,2095
14024,543
14025,1221
14026,1117
14027,1332
14028,1660
14029,1033
14030,1306
14031,1718
14032,1484
14033,912
14034,1236
14035,165
14036,1410
14037,1677
14038,1540
14039,824
14040,3406
14041,1636
14042,459
14043,2567
14044,1203
14045,647
14046,2854
14047,662
14048,2314
14049,2960
14050,957
14051,627
14052,3312
14053,182
14054,1883
14055,1484
14056,1330
14057,2012
14058,1417
14059,1891
14060,1608
14061,426
14062,1272
14063,1839
14064,269
14065,1539
14066,1794
14067,227
14068,618
14069,1359
14070,1343
14071,1116
14072,746
14073,546
14074,1384
14075,2035
14076,2446
14077,850
14078,935
14079,1107
14080,365
14081,295
14082,2575
14083,1065
14084,2437
14085,1703
14086,2261
14087,542
14088,1418
14089,319
14090,1179
14091,1280
14092,464
14093,1051
14094,3216
14095,597
14096,3270
14097,-365
14098,1584
14099,6
14100,952
14101,1236
14102,1222
14103,1103
14104,1217
14105,799
14106,2315
14107,1930
14108,504
14109,1115
14110,1499
14111,1212
14112,274
14113,367
14114,745
14115,609
14116,993
14117,2109
14118,1093
14119,2505
14120,2903
14121,1631
14122,3449
14123,1002
14124,555
14125,191
14126,99
14127,3078
14128,1247
14129,1481
14130,746
14131,1217
14132,772
14133,1562
14134,3294
14135,1286
14136,812
14137,1198
14138,688
14139,851
14140,1387
14141,696
14142,2385
14143,1559
14144,2187
14145,2294
14146,1946
14147,417
14148,427
14149,978
14150,5185
14151,1604
14152,2604
14153,737
14154,670
14155,1292
14156,2
14157,859
14158,416
14159,757
14160,1779
14161,1706
14162,897
14163,1033
14164,251
14165,2750
14166,3964
14167,1009
14168,530
14169,914
14170,2666
14171,1361
14172,463
14173,1862
14174,1431
14175,1274
14176,2146
14177,565
14178,2239
14179,1066
14180,2277
14181,1181
14182,316
14183,3386
14184,1000
14185,1312
14186,787
14187,632
14188,1173
14189,1763
14190,1192
14191,3903
14192,322
14193,441
14194,2462
14195,645
14196,2027
14197,1883
14198,610
14199,1943
14200,1396
14201,1078
14202,1343
14203,527
14204,2513
14205,1692
14206,1361
14207,2056
14208,618
14209,1845
14210,3243
14211,2267
14212,726
14213,1306
14214,1540
14215,1350
14216,988
14217,528
14218,1571
14219,1987
14220,3411
14221,2500
14222,337
14223,1279
14224,747
14225,741
14226,3211
14227,1657
14228,1268
14229,1448
14230,724
14231,1494
14232,2265
14233,2185
14234,4730
14235,1400
14236,1219
14237,2158
14238,1001
14239,58
14240,1142
14241,1154
14242,2088
14243,694
14244,2618
14245,2183
14246,2491
14247,164
14248,2413
14249,1065
14250,2475
14251,675
14252,750
14253,-408
14254,1305
14255,1097
14256,802
14257,1712
14258,457
14259,2971
14260,1217
14261,451
14262,4031
14263,515
14264,2500
14265,2529
14266,1850
14267,3986
14268,1112
14269,1636
14270,1351
14271,547
14272,1615
14273,1060
14274,480
14275,809
14276,1463
14277,1330
14278,-244
14279,208
14280,3199
14281,1588
14282,34
14283,1957
14284,2347
14285,69
14286,1502
14287,1217
14288,1608
14289,770
14290,935
14291,1970
14292,2474
14293,1794
14294,3571
14295,1730
14296,353
14297,2838
14298,986
14299,860
14300,850
14301,3371
14302,379
14303,993
14304,2178
14305,246
14306,2082
14307,1140
14308,1215
14309,2278
14310,2225
14311,30
14312,697
14313,527
14314,1919
14315,1524
14316,1511
14317,3641
14318,3962
14319,846
14320,1992
14321,2385
14322,519
14323,2762
14324,1274
14325,1115
14326,1268
14327,241
14328,3294
14329,1921
14330,1654
14331,1399
14332,653
14333,1025
14334,1127
14335,1259
14336,919
14337,669
14338,3805
14339,1039
14340,854
14341,58
14342,995
14343,887
14344,2104
14345,637
14346,2163
14347,2617
14348,693
14349,1768
14350,820
14351,623
14352,1267
14353,3451
14354,1451
14355,567
14356,3403
14357,1964
14358,1895
14359,1741
14360,1723
14361,4849
14362,963
14363,823
14364,4654
14365,1955
14366,1539
14367,954
14368,1003
14369,325
14370,456
14371,1268
14372,-230
14373,2959
14374,1459
14375,899
14376,1414
14377,1992
14378,4305
14379,735
14380,3007
14381,1577
14382,2312
14383,1089
14384,888
14385,1278
14386,1313
14387,1027
14388,1261
14389,963
14390,907
14391,650
14392,1966
14393,1997
14394,507
14395,2301
14396,534
14397,3927
14398,1678
14399,1622
14400,2017
14401,1326
14402,759
14403,2073
14404,1545
14405,1208
14406,506
14407,3085
14408,3074
14409,2329
14410,1255
14411,1001
14412,1382
14413,3441
14414,2377
14415,722
14416,3743
14417,1110
14418,2168
14419,1801
14420,817
14421,555
14422,1484
14423,820
14424,1655
14425,2120
14426,641
14427,2021
14428,339
14429,-134
14430,925
14431,899
14432,865
14433,1712
14434,2784
14435,1330
14436,4302
14437,3571
14438,1526
14439,1084
14440,2018
14441,295
14442,1959
14443,1021
14444,3104
14445,2528
14446,3666
14447,1338
14448,881
14449,830
14450,2651
14451,573
14452,662
14453,3406
14454,2934
14455,613
14456,3879
14457,1379
14458,805
14459,87
14460,1432
14461,1244
14462,1355
14463,1039
14464,2575
14465,1338
14466,632
14467,1355
14468,1799
14469,1233
14470,3571
14471,1131
14472,1353
14473,1080
14474,2048
14475,2491
14476,3318
14477,3197
14478,1381
14479,55
14480,966
14481,1412
14482,1351
14483,838
14484,1306
14485,1008
14486,1017
14487,1437
14488,1483
14489,2379
14490,2336
14491,2377
14492,1121
14493,2652
14494,2461
14495,41
14496,935
14497,345
14498,-131
14499,2503
14500,749
14501,1274
14502,828
14503,1392
14504,506
14505,812
14506,1127
14507,812
14508,273
14509,2110
14510,1161
14511,430
14512,1655
14513,1181
14514,1258
14515,696
14516,401
14517,3373
14518,510
14519,2171
14520,515
14521,1048
14522,1679
14523,299
14524,3014
14525,2031
14526,1519
14527,926
14528,531
14529,207
14530,1158
14531,618
14532,1929
14533,4071
14534,1179
14535,2392
14536,2375
14537,1674
14538,545
14539,1318
14540,647
14541,671
14542,2385
14543,976
14544,3361
14545,794
14546,1288
14547,1369
14548,2419
14549,1027
14550,1548
14551,-184
14552,830
14553,3330
14554,875
14555,2352
14556,365
14557,2029
14558,1566
14559,1311
14560,2263
14561,3525
14562,2339
14563,325
14564,632
14565,3042
14566,1665
14567,1311
14568,1147
14569,1407
14570,1849
14571,1229
14572,4364
14573,2579
14574,2277
14575,339
14576,2793
14577,968
14578,3432
14579,2008
14580,1195
14581,697
14582,1913
14583,756
14584,2250
14585,1100
14586,3121
14587,1967
14588,2354
14589,571
14590,1654
14591,931
14592,631
14593,2513
14594,1178
14595,1602
14596,1093
14597,-45
14598,2424
14599,3443
14600,3525
14601,951
14602,1241
14603,1799
14604,1908
14605,1204
14606,849
14607,3432
14608,2294
14609,3767
14610,293
14611,2971
14612,519
14613,517
14614,861
14615,1155
14616,1718
14617,1399
14618,1654
14619,736
14620,360
14621,1959
14622,994
14623,-148
14624,1639
14625,1218
14626,2106
14627,318
14628,1845
14629,1132
14630,1350
14631,1348
14632,739
14633,886
14634,919
14635,1127
14636,1802
14637,3239
14638,898
14639,1106
14640,996
14641,2652
14642,957
14643,3323
14644,4255
14645,621
14646,3213
14647,502
14648,1361
14649,402
14650,1801
14651,3962
14652,2256
14653,1163
14654,1539
14655,1350
14656,2339
14657,2321
14658,593
14659,2892
14660,1655
14661,2107
14662,210
14663,3449
14664,1671
14665,2853
14666,2589
14667,1508
14668,2381
14669,2008
14670,1838
14671,1010
14672,-184
14673,422
14674,599
14675,18
14676,698
14677,-195
14678,1116
14679,2220
14680,2263
14681,316
14682,3571
14683,1388
14684,3361
14685,2189
14686,1496
14687,1657
14688,1959
14689,1836
14690,632
14691,4844
14692,2367
14693,1575
14694,770
14695,1371
14696,2575
14697,2176
14698,2613
14699,820
14700,607
14701,1486
14702,3254
14703,377
14704,1464
14705,2649
14706,2068
14707,665
14708,806
14709,621
14710,351
14711,1917
14712,2296
14713,2271
14714,1511
14715,1917
14716,444
14717,2008
14718,3035
14719,599
14720,1917
14721,2462
14722,1229
14723,431
14724,1425
14725,1039
14726,2149
14727,890
14728,662
14729,1371
14730,390
14731,2769
14732,1385
14733,1754
14734,618
14735,792
14736,614
14737,3159
14738,1141
14739,2708
14740,1087
14741,717
14742,145
14743,849
14744,1999
14745,1923
14746,2339
14747,1293
14748,247
14749,1332
14750,1248
14751,2290
14752,247
14753,938
14754,353
14755,1016
14756,170
14757,2385
14758,1007
14759,3525
14760,1051
14761,1582
14762,3325
14763,4402
14764,1037
14765,1410
14766,1692
14767,2282
14768,2040
14769,901
14770,820
14771,758
14772,5140
14773,1560
14774,1967
14775,531
14776,1318
14777,772
14778,544
14779,577
14780,20
14781,409
14782,2096
14783,1480
14784,1551
14785,94
14786,708
14787,2928
14788,3180
14789,612
14790,2377
14791,620
14792,849
14793,2937
14794,1952
14795,579
14796,450
14797,3336
14798,402
14799,1848
14800,3549
14801,1059
14802,827
14803,4768
14804,1287
14805,2183
14806,764
14807,1745
14808,713
14809,1072
14810,3152
14811,3447
14812,378
14813,518
14814,748
14815,3601
14816,229
14817,707
14818,1375
14819,898
14820,2344
14821,2955
14822,745
14823,1199
14824,1793
14825,1629
14826,1293
14827,696
14828,1203
14829,2343
14830,1197
14831,1067
14832,713
14833,1678
14834,1208
14835,930
14836,1990
14837,1150
14838,1450
14839,1180
14840,4859
14841,502
14842,1293
14843,875
14844,3361
14845,1330
14846,339
14847,830
14848,122
14849,1864
14850,2301
14851,3863
14852,1655
14853,1126
14854,1051
14855,598
14856,1007
14857,418
14858,774
14859,1255
14860,1285
14861,1470
14862,1383
14863,1474
14864,333
14865,2804
14866,398
14867,1593
14868,1520
14869,1805
14870,3789
14871,1121
14872,1784
14873,2575
14874,733
14875,571
14876,1614
14877,2249
14878,1750
14879,550
14880,607
14881,85
14882,736
14883,1369
14884,3258
14885,1952
14886,898
14887,1198
14888,115
14889,1670
14890,1311
14891,4757
14892,1386
14893,2581
14894,442
14895,452
14896,1972
14897,963
14898,698
14899,365
14900,1521
14901,1229
14902,3214
14903,3891
14904,553
14905,1009
14906,576
14907,4282
14908,811
14909,445
14910,1944
14911,1322
14912,1605
14913,1005
14914,2347
14915,1651
14916,1229
14917,2965
14918,2322
14919,1388
14920,3457
14921,1986
14922,2271
14923,846
14924,2546
14925,1003
14926,1405
14927,1955
14928,452
14929,2525
14930,1093
14931,335
14932,4777
14933,1169
14934,895
14935,800
14936,3114
14937,-263
14938,198
14939,416
14940,1268
14941,1318
14942,2575
14943,846
14944,1165
14945,849
14946,1050
14947,1370
14948,2862
14949,1780
14950,2660
14951,948
14952,1326
14953,622
14954,3174
14955,886
14956,502
14957,901
14958,111
14959,1017
14960,944
14961,1803
14962,3980
14963,1750
14964,1176
14965,1840
14966,1244
14967,2575
14968,3583
14969,4555
14970,685
14971,1178
14972,1615
14973,1549
14974,1631
14975,763
14976,1064
14977,568
14978,1750
14979,376
14980,1062
14981,1153
14982,360
14983,1537
14984,1868
14985,1369
14986,1255
14987,533
14988,2101
14989,338
14990,1266
14991,210
14992,1895
14993,2263
14994,353
14995,1172
14996,2298
14997,1756
14998,1740
14999,3525
15000,1860
15001,1060
15002,1841
15003,1069
15004,2027
15005,612
15006,1680
15007,623
15008,971
15009,1305
15010,2432
15011,1247
15012,2209
15013,2082
15014,1360
15015,2576
15016,1954
15017,849
15018,3270
15019,1254
15020,911
15021,1089
15022,2341
15023,1355
15024,873
15025,1957
15026,1217
15027,1604
15028,2030
15029,1279
15030,1313
15031,2225
15032,2337
15033,316
15034,278
15035,110
15036,860
15037,580
15038,2535
15039,2302
15040,2284
15041,1814
15042,1169
15043,1650
15044,3367
15045,1862
15046,1104
15047,3049
15048,1826
15049,1615
15050,2928
15051,1077
15052,-7
15053,1429
15054,1178
15055,902
15056,1645
15057,2392
15058,2921
15059,3396
15060,1550
15061,1064
15062,711
15063,2301
15064,738
15065,5201
15066,607
15067,1235
15068,1417
15069,626
15070,641
15071,1159
15072,299
15073,1284
15074,428
15075,572
15076,1425
15077,1066
15078,2481
15079,1320
15080,1077
15081,1840
15082,2138
15083,391
15084,2329
15085,1274
15086,624
15087,546
15088,3275
15089,442
15090,620
15091,925
15092,1271
15093,1501
15094,264
15095,1574
15096,1383
15097,632
15098,1141
15099,696
15100,1694
15101,1294
15102,1066
15103,1074
15104,476
15105,2263
15106,760
15107,2258
15108,2067
15109,1738
15110,2719
15111,1769
15112,353
15113,1071
15114,1141
15115,2733
15116,694
15117,2121
15118,1145
15119,1502
15120,2622
15121,1766
15122,2030
15123,468
15124,2933
15125,1048
15126,2189
15127,1731
15128,180
15129,869
15130,1856
15131,1066
15132,1627
15133,945
15134,1700
15135,1472
15136,2240
15137,696
15138,73
15139,1141
15140,979
15141,644
15142,923
15143,1853
15144,4540
15145,4017
15146,2255
15147,2906
15148,1013
15149,1806
15150,382
15151,3303
15152,1893
15153,2567
15154,1209
15155,888
15156,2449
15157,391
15158,3044
15159,634
15160,3401
15161,3292
15162,1006
15163,1972
15164,1230
15165,2389
15166,3789
15167,1695
15168,1703
15169,160
15170,825
15171,927
15172,1533
15173,2026
15174,1021
15175,1166
15176,955
15177,481
15178,1997
15179,1959
15180,1907
15181,584
15182,523
15183,1275
15184,2353
15185,858
15186,316
15187,2031
15188,3309
15189,2027
15190,362
15191,1712
15192,2051
15193,2537
15194,1964
15195,1077
15196,23
15197,923
15198,3227
15199,951
15200,-80
15201,1331
15202,844
15203,-13
15204,345
15205,2023
15206,779
15207,747
15208,1745
15209,1089
15210,573
15211,1217
15212,582
15213,2581
15214,2314
15215,1244
15216,1177
15217,1957
15218,2049
15219,1780
15220,1259
15221,1536
15222,946
15223,2997
15224,1083
15225,840
15226,1640
15227,397
15228,2122
15229,1039
15230,645
15231,954
15232,2160
15233,226
15234,649
15235,1857
15236,1445
15237,422
15238,1548
15239,1354
15240,2245
15241,2081
15242,429
15243,797
15244,1136
15245,735
15246,3128
15247,3330
15248,1989
15249,2770
15250,1437
15251,2537
15252,1598
15253,1946
15254,1564
15255,1133
15256,2716
15257,179
15258,266
15259,1382
15260,1259
15261,3401
15262,1657
15263,1056
15264,2313
15265,1179
15266,263
15267,2378
15268,2111
15269,1779
15270,1157
15271,1832
15272,4228
15273,655
15274,24
15275,3044
15276,2337
15277,843
15278,1088
15279,2657
15280,1674
15281,1088
15282,2730
15283,1665
15284,1312
15285,1817
15286,1293
15287,1510
15288,1236
15289,2491
15290,2252
15291,2033
15292,1176
15293,2044
15294,1282
15295,886
15296,1930
15297,925
15298,1209
15299,2379
15300,3186
15301,1257
15302,647
15303,794
15304,1494
15305,2652
15306,1001
15307,2481
15308,246
15309,1424
15310,633
15311,892
15312,1382
15313,726
15314,1617
15315,2605
15316,964
15317,785
15318,1776
15319,529
15320,1285
15321,468
15322,2124
15323,2149
15324,1020
15325,716
15326,1103
15327,894
15328,827
15329,1545
15330,2398
15331,893
15332,2246
15333,229
15334,608
15335,1165
15336,1779
15337,2423
15338,357
15339,2324
15340,1202
15341,2251
15342,3180
15343,1883
15344,1761
15345,3663
15346,2430
15347,2375
15348,1584
15349,1525
15350,222
15351,2084
15352,1047
15353,3287
15354,786
15355,774
15356,2254
15357,2460
15358,764
15359,1615
15360,1944
15361,2084
15362,1627
15363,1591
15364,1236
15365,273
15366,3705
15367,1378
15368,1253
15369,1222
15370,957
15371,1388
15372,390
15373,611
15374,139
15375,1065
15376,1959
15377,2918
15378,1840
15379,1235
15380,1192
15381,3044
15382,2119
15383,-189
15384,1598
15385,1912
15386,305
15387,1062
15388,3807
15389,1082
15390,1366
15391,986
15392,610
15393,1889
15394,1970
15395,1274
15396,1241
15397,4288
15398,1807
15399,1103
15400,698
15401,1603
15402,436
15403,521
15404,2385
15405,1305
15406,1602
15407,398
15408,2807
15409,1426
15410,1470
15411,840
15412,246
15413,440
15414,1393
15415,1053
15416,859
15417,422
15418,1349
15419,1958
15420,1153
15421,1261
15422,2099
15423,3006
15424,735
15425,871
15426,471
15427,1373
15428,173
15429,2339
15430,1144
15431,18
15432,3797
15433,481
15434,588
15435,1921
15436,176
15437,2388
15438,2202
15439,571
15440,1209
15441,919
15442,2187
15443,441
15444,1524
15445,903
15446,876
15447,2164
15448,800
15449,1194
15450,520
15451,1678
15452,1794
15453,3979
15454,2078
15455,774
15456,1959
15457,1045
15458,926
15459,2417
15460,1513
15461,1684
15462,2377
15463,414
15464,308
15465,3055
15466,292
15467,2537
15468,326
15469,802
15470,2068
15471,1546
15472,3285
15473,1926
15474,785
15475,1233
15476,-145
15477,2415
15478,59
15479,1079
15480,1330
15481,402
15482,1926
15483,1551
15484,2157
15485,2035
15486,345
15487,1878
15488,967
15489,4190
15490,1426
15491,2046
15492,276
15493,1792
15494,3406
15495,1457
15496,890
15497,1954
15498,1226
15499,1122
15500,1990
15501,1060
15502,1274
15503,404
15504,1160
15505,1475
15506,2031
15507,2865
15508,1009
15509,3409
15510,2529
15511,1312
15512,2513
15513,3495
15514,530
15515,3181
15516,1479
15517,2263
15518,339
15519,468
15520,466
15521,1776
15522,-89
15523,611
15524,1198
15525,2660
15526,1729
15527,1635
15528,1064
15529,909
15530,2537
15531,597
15532,1179
15533,1650
15534,2182
15535,331
15536,1764
15537,886
15538,1686
15539,1241
15540,2575
15541,3166
15542,772
15543,1406
15544,899
15545,1647
15546,612
15547,2600
15548,1437
15549,150
15550,1037
15551,1312
15552,1047
15553,1935
15554,1140
15555,1072
15556,1534
15557,1514
15558,515
15559,2362
15560,3052
15561,1732
15562,175
15563,365
15564,1121
15565,1198
15566,3433
15567,1908
15568,1177
15569,1139
15570,1955
15571,1438
15572,2297
15573,802
15574,783
15575,-121
15576,1154
15577,2728
15578,441
15579,878
15580,392
15581,2711
15582,1644
15583,2056
15584,5213
15585,1483
15586,1285
15587,284
15588,2537
15589,870
15590,2913
15591,2291
15592,729
15593,2137
15594,2202
15595,986
15596,1610
15597,3332
15598,691
15599,571
15600,2538
15601,2709
15602,963
15603,1257
15604,2375
15605,2807
15606,1756
15607,2006
15608,617
15609,1272
15610,3533
15611,-27
15612,1527
15613,1206
15614,382
15615,1153
15616,886
15617,1802
15618,468
15619,403
15620,2941
15621,1323
15622,934
15623,2415
15624,3044
15625,1265
15626,2282
15627,158
15628,246
15629,4815
15630,919
15631,812
15632,2261
15633,1165
15634,-11
15635,1776
15636,3653
15637,3207
15638,2784
15639,1712
15640,2303
15641,238
15642,2149
15643,352
15644,1191
15645,913
15646,1398
15647,608
15648,2613
15649,4768
15650,360
15651,1426
15652,2183
15653,1255
15654,954
15655,1627
15656,1069
15657,1356
15658,1279
15659,1437
15660,1312
15661,523
15662,976
15663,1534
15664,369
15665,533
15666,1488
15667,962
15668,1147
15669,1141
15670,746
15671,862
15672,-154
15673,757
15674,785
15675,1881
15676,2461
15677,1894
15678,1751
15679,398
15680,799
15681,1817
15682,888
15683,331
15684,2347
15685,582
15686,1425
15687,615
15688,837
15689,1280
15690,134
15691,2616
15692,927
15693,2491
15694,942
15695,658
15696,595
15697,1193
15698,1065
15699,1989
15700,1944
15701,697
15702,1198
15703,2339
15704,724
15705,1785
15706,1132
15707,710
15708,1176
15709,262
15710,509
15711,597
15712,1507
15713,1011
15714,1174
15715,873
15716,826
15717,847
15718,278
15719,489
15720,-110
15721,779
15722,2301
15723,2536
15724,1583
15725,479
15726,815
15727,1906
15728,471
15729,2299
15730,1077
15731,1002
15732,739
15733,1671
15734,796
15735,2012
15736,1993
15737,121
15738,989
15739,1348
15740,398
15741,782
15742,4654
15743,1305
15744,457
15745,876
15746,2225
15747,3151
15748,4806
15749,1522
15750,1312
15751,3017
15752,263
15753,811
15754,800
15755,1587
15756,621
15757,812
15758,868
15759,600
15760,-197
15761,1761
15762,2200
15763,1964
15764,1297
15765,2032
15766,2106
15767,3228
15768,1349
15769,572
15770,715
15771,341
15772,2881
15773,1388
15774,851
15775,528
15776,970
15777,5163
15778,620
15779,1083
15780,850
15781,1602
15782,3869
15783,1526
15784,2423
15785,1775
15786,1382
15787,1177
15788,643
15789,3971
15790,2056
15791,810
15792,696
15793,1217
15794,2694
15795,485
15796,934
15797,1058
15798,1402
15799,1369
15800,2031
15801,1198
15802,520
15803,4025
15804,179
15805,544
15806,106
15807,554
15808,3289
15809,1698
15810,199
15811,649
15812,99
15813,1419
15814,810
15815,3002
15816,656
15817,2214
15818,694
15819,2106
15820,1505
15821,779
15822,2028
15823,2119
15824,1230
15825,4806
15826,246
15827,1647
15828,3781
15829,1217
15830,276
15831,4152
15832,1236
15833,1609
15834,1640
15835,2475
15836,1209
15837,877
15838,529
15839,-640
15840,1674
15841,671
15842,3190
15843,891
15844,959
15845,1551
15846,1765
15847,713
15848,1039
15849,1829
15850,1147
15851,1466
15852,1272
15853,1209
15854,952
15855,567
15856,1141
15857,2413
15858,1179
15859,881
15860,925
15861,1122
15862,1917
15863,91
15864,1936
15865,580
15866,2027
15867,1055
15868,1832
15869,1549
15870,2153
15871,489
15872,1219
15873,968
15874,1114
15875,1354
15876,2275
15877,2883
15878,905
15879,609
15880,1034
15881,1253
15882,1799
15883,2511
15884,5
15885,1906
15886,799
15887,2560
15888,221
15889,922
15890,1589
15891,1559
15892,49
15893,2751
15894,1058
15895,2240
15896,1096
15897,-56
15898,2037
15899,2971
15900,3254
15901,2057
15902,1446
15903,822
15904,2122
15905,1071
15906,694
15907,1108
15908,1429
15909,1818
15910,556
15911,1723
15912,3762
15913,2160
15914,916
15915,680
15916,4290
15917,2537
15918,1242
15919,527
15920,1703
15921,674
15922,606
15923,1133
15924,1077
15925,-82
15926,1350
15927,823
15928,1160
15929,4152
15930,2065
15931,2386
15932,2483
15933,2761
15934,2011
15935,596
15936,2263
15937,975
15938,1663
15939,725
15940,662
15941,2347
15942,851
15943,1317
15944,723
15945,2373
15946,1921
15947,936
15948,557
15949,1063
15950,1953
15951,409
15952,-61
15953,1312
15954,338
15955,1469
15956,919
15957,872
15958,2728
15959,1333
15960,234
15961,1562
15962,3365
15963,4848
15964,1021
15965,3705
15966,1521
15967,2549
15968,459
15969,1807
15970,316
15971,745
15972,1039
15973,919
15974,650
15975,1818
15976,842
15977,671
15978,559
15979,1714
15980,1141
15981,1626
15982,1145
15983,1267
15984,773
15985,462
15986,1058
15987,1893
15988,1255
15989,312
15990,182
15991,2329
15992,231
15993,1537
15994,3028
15995,1197
15996,1921
15997,542
15998,1182
15999,896
16000,1443
16001,1206
16002,501
16003,1044
16004,1247
16005,1078
16006,2816
16007,1956
16008,1716
16009,2209
16010,581
16011,658
16012,1305
16013,2339
16014,1704
16015,2301
16016,555
16017,1768
16018,3134
16019,594
16020,3026
16021,569
16022,2046
16023,736
16024,1033
16025,1432
16026,1201
16027,846
16028,3006
16029,1173
16030,3667
16031,2407
16032,2187
16033,699
16034,1517
16035,2113
16036,360
16037,443
16038,2208
16039,4302
16040,3487
16041,632
16042,784
16043,409
16044,988
16045,819
16046,1027
16047,1761
16048,2185
16049,1702
16050,1126
16051,3404
16052,777
16053,1856
16054,1875
16055,1483
16056,1323
16057,1459
16058,1562
16059,618
16060,2845
16061,331
16062,1712
16063,2413
16064,2552
16065,615
16066,3384
16067,399
16068,768
16069,402
16070,2289
16071,3053
16072,1951
16073,2072
16074,409
16075,2272
16076,688
16077,1312
16078,1388
16079,1662
16080,1026
16081,2270
16082,1591
16083,1436
16084,518
16085,4150
16086,981
16087,58
16088,336
16089,1171
16090,2247
16091,609
16092,414
16093,1191
16094,1361
16095,1663
16096,231
16097,964
16098,1627
16099,1722
16100,463
16101,2101
16102,1410
16103,1798
16104,707
16105,755
16106,2872
16107,1347
16108,1028
16109,1009
16110,5216
16111,1217
16112,3113
16113,2061
16114,2626
16115,976
16116,2904
16117,1064
16118,215
16119,2391
16120,2009
16121,882
16122,1718
16123,2253
16124,416
16125,1868
16126,529
16127,2035
16128,2698
16129,1543
16130,2114
16131,1116
16132,576
16133,3286
16134,812
16135,371
16136,1179
16137,611
16138,2183
16139,2123
16140,1756
16141,2375
16142,953
16143,1458
16144,1388
16145,1112
16146,1650
16147,3140
16148,877
16149,5110
16150,3458
16151,919
16152,1798
16153,888
16154,389
16155,2683
16156,1132
16157,800
16158,3667
16159,837
16160,2223
16161,1531
16162,2652
16163,1191
16164,524
16165,1896
16166,683
16167,1020
16168,1888
16169,1140
16170,1101
16171,2129
16172,826
16173,2149
16174,1420
16175,1324
16176,-108
16177,2182
16178,2263
16179,1197
16180,756
16181,1020
16182,2451
16183,925
16184,1798
16185,1278
16186,1725
16187,1093
16188,1077
16189,1294
16190,2299
16191,1475
16192,2164
16193,1649
16194,1455
16195,625
16196,954
16197,1640
16198,2462
16199,1569
16200,2073
16201,3416
16202,1680
16203,1082
16204,607
16205,3508
16206,1445
16207,560
16208,2831
16209,1144
16210,3864
16211,1153
16212,681
16213,2883
16214,1870
16215,4025
16216,3608
16217,615
16218,2046
16219,1917
16220,1077
16221,1008
16222,2581
16223,1828
16224,757
16225,894
16226,1350
16227,806
16228,2113
16229,617
16230,1027
16231,2336
16232,1274
16233,922
16234,810
16235,3332
16236,2103
16237,1027
16238,1679
16239,2124
16240,2377
16241,1598
16242,1975
16243,3220
16244,1916
16245,357
16246,556
16247,2062
16248,1236
16249,1388
16250,1279
16251,1165
16252,3256
16253,3933
16254,658
16255,899
16256,1869
16257,2338
16258,2284
16259,1245
16260,1224
16261,846
16262,1627
16263,1613
16264,442
16265,711
16266,352
16267,2825
16268,1549
16269,1171
16270,-21
16271,558
16272,2493
16273,964
16274,549
16275,399
16276,2210
16277,1999
16278,556
16279,2092
16280,2073
16281,711
16282,1350
16283,2209
16284,995
16285,815
16286,1040
16287,662
16288,344
16289,599
16290,1197
16291,3090
16292,1899
16293,711
16294,1046
16295,672
16296,876
16297,808
16298,1024
16299,390
16300,877
16301,2065
16302,889
16303,539
16304,430
16305,2921
16306,2449
16307,682
16308,1635
16309,1133
16310,3601
16311,1251
16312,4669
16313,1604
16314,1720
16315,660
16316,2793
16317,1437
16318,698
16319,1937
16320,1287
16321,1510
16322,2453
16323,2225
16324,2575
16325,1511
16326,1482
16327,1774
16328,194
16329,2158
16330,1115
16331,2636
16332,187
16333,345
16334,3035
16335,1968
16336,469
16337,-246
16338,675
16339,403
16340,2528
16341,1444
16342,1946
16343,341
16344,1674
16345,1090
16346,2088
16347,2429
16348,2614
16349,1177
16350,3083
16351,1416
16352,1174
16353,208
16354,2299
16355,1133
16356,1041
16357,2149
16358,303
16359,468
16360,3445
16361,3373
16362,645
16363,1760
16364,2221
16365,557
16366,532
16367,1689
16368,1805
16369,1241
16370,2736
16371,2278
16372,636
16373,2202
16374,1041
16375,1160
16376,2968
16377,694
16378,599
16379,3216
16380,975
16381,2187
16382,1520
16383,644
16384,1463
16385,580
16386,1248
16387,846
16388,1028
16389,2636
16390,1399
16391,477
16392,593
16393,1806
16394,1294
16395,3053
16396,2337
16397,1570
16398,493
16399,783
16400,644
16401,4244
16402,1502
16403,1257
16404,1354
16405,1282
16406,2704
16407,684
16408,614
16409,532
16410,472
16411,1261
16412,1954
16413,2356
16414,580
16415,1207
16416,2301
16417,2871
16418,402
16419,1351
16420,1426
16421,686
16422,2336
16423,1247
16424,1282
16425,968
16426,2368
16427,392
16428,2471
16429,1461
16430,4252
16431,1680
16432,1812
16433,1555
16434,976
16435,772
16436,190
16437,2367
16438,3789
16439,1108
16440,327
16441,1174
16442,1465
16443,1686
16444,1355
16445,738
16446,2551
16447,479
16448,430
16449,3098
16450,1756
16451,3894
16452,1246
16453,603
16454,754
16455,-242
16456,1241
16457,1191
16458,2099
16459,2904
16460,1132
16461,3955
16462,996
16463,2368
16464,2505
16465,1105
16466,636
16467,935
16468,481
16469,764
16470,2225
16471,1484
16472,742
16473,2438
16474,699
16475,936
16476,-151
16477,4339
16478,779
16479,3827
16480,1304
16481,110
16482,301
16483,2513
16484,631
16485,539
16486,2223
16487,711
16488,1761
16489,1907
16490,1493
16491,1888
16492,1294
16493,1183
16494,1382
16495,2529
16496,2078
16497,1414
16498,1179
16499,1991
16500,4015
16501,1991
16502,58
16503,1039
16504,984
16505,578
16506,2443
16507,2177
16508,1564
16509,1907
16510,2353
16511,1802
16512,3297
16513,4290
16514,2177
16515,1627
16516,1179
16517,2934
16518,1890
16519,2930
16520,1981
16521,2292
16522,1292
16523,686
16524,1669
16525,1581
16526,403
16527,1677
16528,1026
16529,862
16530,1882
16531,1458
16532,2030
16533,1351
16534,1894
16535,3995
16536,757
16537,48
16538,2225
16539,1586
16540,963
16541,3065
16542,2316
16543,1159
16544,1894
16545,3368
16546,1312
16547,377
16548,721
16549,566
16550,847
16551,2145
16552,634
16553,1804
16554,1554
16555,870
16556,516
16557,886
16558,2943
16559,-26
16560,2499
16561,2529
16562,862
16563,2404
16564,295
16565,1930
16566,875
16567,2347
16568,3212
16569,1267
16570,964
16571,3325
16572,1103
16573,707
16574,886
16575,2139
16576,-565
16577,1155
16578,1217
16579,413
16580,2377
16581,1953
16582,407
16583,2844
16584,719
16585,3448
16586,1235
16587,2503
16588,1399
16589,1039
16590,815
16591,81
16592,2223
16593,2618
16594,1181
16595,3263
16596,87
16597,665
16598,1750
16599,111
16600,583
16601,1217
16602,1917
16603,392
16604,1337
16605,3607
16606,441
16607,4868
16608,2493
16609,2558
16610,373
16611,2253
16612,3266
16613,1718
16614,1695
16615,2240
16616,2605
16617,4863
16618,734
16619,327
16620,669
16621,957
16622,944
16623,554
16624,2437
16625,527
16626,645
16627,1620
16628,1572
16629,1191
16630,1018
16631,2263
16632,2255
16633,2179
16634,773
16635,1844
16636,515
16637,1236
16638,2126
16639,1104
16640,1338
16641,1310
16642,2399
16643,2316
16644,437
16645,2450
16646,2368
16647,1017
16648,1008
16649,2068
16650,1253
16651,821
16652,3218
16653,2122
16654,1290
16655,1881
16656,1092
16657,4844
16658,1573
16659,1002
16660,1085
16661,1220
16662,1266
16663,1171
16664,2690
16665,2338
16666,597
16667,430
16668,567
16669,919
16670,870
16671,611
16672,595
16673,141
16674,1816
16675,2430
16676,1502
16677,3228
16678,3044
16679,2414
16680,1446
16681,1275
16682,556
16683,2521
16684,2847
16685,745
16686,1008
16687,1970
16688,2113
16689,2490
16690,810
16691,1787
16692,1381
16693,1571
16694,3249
16695,1231
16696,1802
16697,1178
16698,1350
16699,936
16700,1416
16701,1732
16702,1141
16703,557
16704,167
16705,1620
16706,1331
16707,957
16708,442
16709,1133
16710,586
16711,1778
16712,1388
16713,741
16714,3127
16715,2491
16716,520
16717,1569
16718,588
16719,1883
16720,643
16721,1405
16722,729
16723,1399
16724,171
16725,761
16726,1753
16727,1908
16728,1344
16729,1040
16730,1831
16731,2111
16732,509
16733,1104
16734,1741
16735,1001
16736,1370
16737,556
16738,2245
16739,1002
16740,3533
16741,113
16742,2347
16743,774
16744,1610
16745,909
16746,339
16747,925
16748,1217
16749,527
16750,634
16751,2413
16752,2109
16753,2253
16754,810
16755,2008
16756,636
16757,251
16758,2005
16759,2040
16760,1219
16761,882
16762,77
16763,881
16764,219
16765,938
16766,809
16767,266
16768,3022
16769,69
16770,884
16771,256
16772,198
16773,2063
16774,1879
16775,1127
16776,1344
16777,936
16778,3605
16779,747
16780,3206
16781,2233
16782,963
16783,864
16784,975
16785,1312
16786,2857
16787,4343
16788,1581
16789,2372
16790,2124
16791,2785
16792,1612
16793,2748
16794,1082
16795,2521
16796,2265
16797,391
16798,351
16799,745
16800,516
16801,2336
16802,644
16803,796
16804,2337
16805,620
16806,1282
16807,1103
16808,1209
16809,541
16810,596
16811,2392
16812,1469
16813,2163
16814,1078
16815,1240
16816,1069
16817,480
16818,2031
16819,860
16820,533
16821,2883
16822,610
16823,944
16824,775
16825,1357
16826,1655
16827,747
16828,399
16829,586
16830,430
16831,1880
16832,1905
16833,802
16834,2069
16835,1495
16836,1169
16837,850
16838,1229
16839,2487
16840,1084
16841,1117
16842,9
16843,1122
16844,382
16845,1098
16846,1066
16847,3142
16848,2877
16849,440
16850,2385
16851,1079
16852,757
16853,1562
16854,686
16855,2202
16856,147
16857,1092
16858,1346
16859,1197
16860,-228
16861,928
16862,2413
16863,2293
16864,627
16865,1989
16866,4000
16867,3292
16868,2461
16869,437
16870,926
16871,396
16872,2529
16873,2213
16874,1581
16875,1788
16876,1078
16877,790
16878,813
16879,1458
16880,-1586
16881,1470
16882,973
16883,202
16884,990
16885,1951
16886,797
16887,618
16888,1835
16889,1077
16890,1916
16891,1289
16892,865
16893,823
16894,1393
16895,990
16896,3376
16897,933
16898,2377
16899,466
16900,1444
16901,1664
16902,1763
16903,483
16904,1118
16905,3277
16906,1217
16907,1231
16908,1425
16909,280
16910,2467
16911,1848
16912,1165
16913,1832
16914,1745
16915,896
16916,2061
16917,1870
16918,2310
16919,1747
16920,910
16921,2071
16922,645
16923,2443
16924,3021
16925,58
16926,1319
16927,632
16928,1916
16929,425
16930,1171
16931,1018
16932,508
16933,1717
16934,1244
16935,2461
16936,3420
16937,1943
16938,1886
16939,1356
16940,1089
16941,302
16942,2340
16943,1511
16944,95
16945,373
16946,2214
16947,1196
16948,509
16949,1393
16950,2258
16951,2303
16952,1209
16953,-141
16954,3457
16955,596
16956,1040
16957,1455
16958,1322
16959,283
16960,873
16961,2537
16962,1202
16963,2339
16964,863
16965,1065
16966,1294
16967,2636
16968,2299
16969,1027
16970,2833
16971,2353
16972,750
16973,2187
16974,963
16975,1940
16976,920
16977,1399
16978,2807
16979,785
16980,1312
16981,2968
16982,1423
16983,1771
16984,818
16985,355
16986,2360
16987,428
16988,519
16989,811
16990,2103
16991,1997
16992,2238
16993,1040
16994,246
16995,836
16996,889
16997,818
16998,925
16999,711
17000,1583
17001,1160
17002,620
17003,660
17004,1560
17005,4320
17006,964
17007,1870
17008,222
17009,1457
17010,1878
17011,2410
17012,4008
17013,1985
17014,1496
17015,708
17016,1926
17017,2261
17018,1231
17019,1049
17020,2261
17021,1685
17022,233
17023,1763
17024,652
17025,2149
17026,1267
17027,951
17028,248
17029,2902
17030,1813
17031,1866
17032,2399
17033,2208
17034,553
17035,635
17036,3889
17037,1154
17038,1785
17039,2778
17040,1030
17041,2728
17042,3544
17043,591
17044,2164
17045,170
17046,1581
17047,3563
17048,776
17049,1358
17050,3139
17051,557
17052,755
17053,683
17054,489
17055,426
17056,1394
17057,1051
17058,2778
17059,1814
17060,3533
17061,797
17062,2652
17063,1908
17064,1421
17065,2715
17066,686
17067,1072
17068,353
17069,2613
17070,1508
17071,2964
17072,1317
17073,2060
17074,1128
17075,225
17076,1653
17077,821
17078,1458
17079,3239
17080,1249
17081,2938
17082,2246
17083,1033
17084,1242
17085,2670
17086,1350
17087,322
17088,1075
17089,538
17090,2677
17091,1217
17092,955
17093,699
17094,1017
17095,1312
17096,2146
17097,2982
17098,1822
17099,746
17100,1619
17101,2450
17102,2529
17103,3827
17104,2185
17105,723
17106,1555
17107,-35
17108,298
17109,72
17110,1399
17111,1952
17112,-125
17113,428
17114,2959
17115,925
17116,799
17117,871
17118,2518
17119,2827
17120,822
17121,808
17122,2976
17123,1388
17124,708
17125,709
17126,1425
17127,386
17128,3203
17129,1756
17130,451
17131,2023
17132,2176
17133,2075
17134,2276
17135,1347
17136,927
17137,708
17138,1430
17139,1913
17140,2470
17141,955
17142,1331
17143,530
17144,2740
17145,1065
17146,1764
17147,2525
17148,1768
17149,824
17150,2204
17151,2726
17152,265
17153,454
17154,1185
17155,3006
17156,1175
17157,1954
17158,1436
17159,1079
17160,2035
17161,4076
17162,1557
17163,1817
17164,1467
17165,1313
17166,411
17167,957
17168,3856
17169,-150
17170,846
17171,294
17172,1089
17173,2580
17174,1495
17175,1116
17176,3218
17177,1917
17178,1526
17179,2945
17180,202
17181,187
17182,2617
17183,543
17184,984
17185,1350
17186,795
17187,1306
17188,3277
17189,2049
17190,1161
17191,680
17192,1275
17193,1584
17194,3254
17195,2301
17196,625
17197,2566
17198,360
17199,1665
17200,568
17201,2575
17202,2781
17203,637
17204,1306
17205,1454
17206,597
17207,3247
17208,2111
17209,493
17210,1984
17211,1713
17212,900
17213,-382
17214,3364
17215,1376
17216,2417
17217,788
17218,3252
17219,390
17220,1601
17221,4768
17222,1309
17223,246
17224,520
17225,1801
17226,2220
17227,1362
17228,1351
17229,811
17230,574
17231,221
17232,670
17233,673
17234,1027
17235,1594
17236,1653
17237,1388
17238,259
17239,1103
17240,1050
17241,3879
17242,187
17243,807
17244,2768
17245,888
17246,2276
17247,2316
17248,1236
17249,1845
17250,1625
17251,680
17252,419
17253,1025
17254,566
17255,3172
17256,3180
17257,2263
17258,756
17259,1091
17260,927
17261,919
17262,663
17263,849
17264,2183
17265,183
17266,3892
17267,2749
17268,111
17269,-160
17270,322
17271,680
17272,2050
17273,1832
17274,290
17275,626
17276,2123
17277,262
17278,324
17279,2489
17280,2322
17281,61
17282,785
17283,2526
17284,570
17285,1311
17286,1185
17287,3181
17288,634
17289,4
17290,2937
17291,1528
17292,1756
17293,3256
17294,3204
17295,1216
17296,696
17297,1457
17298,380
17299,491
17300,3017
17301,113
17302,648
17303,1198
17304,3517
17305,1598
17306,1665
17307,3249
17308,1533
17309,771
17310,4844
17311,560
17312,246
17313,711
17314,1930
17315,847
17316,1539
17317,1883
17318,1077
17319,2062
17320,631
17321,589
17322,1095
17323,1915
17324,745
17325,2013
17326,630
17327,2513
17328,847
17329,2404
17330,3295
17331,531
17332,1636
17333,1947
17334,1640
17335,1647
17336,2
17337,1113
17338,25
17339,2069
17340,1408
17341,1092
17342,3563
17343,957
17344,1464
17345,752
17346,2157
17347,1419
17348,669
17349,2815
17350,1351
17351,1538
17352,1315
17353,1870
17354,1077
17355,721
17356,2983
17357,446
17358,1871
17359,1830
17360,2945
17361,1806
17362,3048
17363,2290
17364,1995
17365,1396
17366,3403
17367,1493
17368,2614
17369,3838
17370,1055
17371,835
17372,1040
17373,797
17374,944
17375,1317
17376,1091
17377,2195
17378,861
17379,2277
17380,3571
17381,3609
17382,2056
17383,2277
17384,1284
17385,1361
17386,1511
17387,580
17388,3857
17389,-160
17390,4025
17391,1472
17392,1469
17393,1768
17394,1046
17395,3331
17396,1686
17397,3124
17398,2199
17399,1961
17400,943
17401,849
17402,3340
17403,2770
17404,527
17405,708
17406,1127
17407,877
17408,4864
17409,670
17410,1127
17411,1125
17412,1026
17413,2233
17414,1182
17415,3473
17416,2582
17417,827
17418,1217
17419,1020
17420,2187
17421,679
17422,352
17423,1394
17424,1879
17425,1748
17426,1435
17427,2367
17428,3332
17429,1519
17430,1513
17431,1280
17432,873
17433,1484
17434,2414
17435,3058
17436,179
17437,2941
17438,267
17439,336
17440,299
17441,843
17442,640
17443,-898
17444,1841
17445,2158
17446,1117
17447,388
17448,898
17449,1793
17450,1654
17451,2338
17452,3177
17453,207
17454,371
17455,2873
17456,635
17457,1434
17458,1350
17459,1506
17460,4205
17461,3625
17462,2073
17463,1877
17464,1470
17465,655
17466,429
17467,1331
17468,1738
17469,802
17470,1282
17471,881
17472,626
17473,1830
17474,489
17475,35
17476,1463
17477,574
17478,403
17479,3391
17480,1239
17481,379
17482,249
17483,2147
17484,254
17485,1354
17486,1638
17487,377
17488,4252
17489,3363
17490,916
17491,608
17492,697
17493,1421
17494,505
17495,2968
17496,4229
17497,3210
17498,2567
17499,1221
17500,2941
17501,1101
17502,3406
17503,823
17504,2124
17505,901
17506,704
17507,1422
17508,2562
17509,1877
17510,1108
17511,1261
17512,2139
17513,4815
17514,1851
17515,615
17516,3477
17517,1292
17518,868
17519,624
17520,1908
17521,1972
17522,399
17523,3301
17524,377
17525,752
17526,1534
17527,2415
17528,1539
17529,2200
17530,734
17531,1502
17532,894
17533,732
17534,559
17535,3218
17536,1388
17537,1180
17538,2144
17539,2549
17540,3341
17541,2567
17542,1093
17543,1185
17544,2988
17545,1394
17546,301
17547,2261
17548,3078
17549,1718
17550,764
17551,1837
17552,381
17553,971
17554,1754
17555,453
17556,2122
17557,3216
